year,trading_date,trading_code,closing_price
2015,2015-01-02,COSMETICS_IDX,0.6467977549745187
2015,2015-01-06,COSMETICS_IDX,0.6191687867205505
2015,2015-01-07,COSMETICS_IDX,0.6374888925406563
2015,2015-01-08,COSMETICS_IDX,0.641572887249651
2015,2015-01-09,COSMETICS_IDX,0.6632081385724024
2015,2015-01-12,COSMETICS_IDX,0.6528328078845717
2015,2015-01-13,COSMETICS_IDX,0.649939289366053
2015,2015-01-16,COSMETICS_IDX,0.635025268202032
2015,2015-01-19,COSMETICS_IDX,0.625947887249651
2015,2015-01-20,COSMETICS_IDX,0.5963265248157886
2015,2015-01-21,COSMETICS_IDX,0.6191935883078521
2015,2015-01-22,COSMETICS_IDX,0.6126542364560003
2015,2015-01-23,COSMETICS_IDX,0.6124392893660532
2015,2015-01-26,COSMETICS_IDX,0.615134395186159
2015,2015-01-27,COSMETICS_IDX,0.6204667364560003
2015,2015-01-28,COSMETICS_IDX,0.6270391570909208
2015,2015-01-29,COSMETICS_IDX,0.6362157443925082
2015,2015-01-30,COSMETICS_IDX,0.663910850212614
2015,2015-02-02,COSMETICS_IDX,0.6236082708475347
2015,2015-02-05,COSMETICS_IDX,0.6262124375142012
2015,2015-02-06,COSMETICS_IDX,0.6303625697893336
2015,2015-02-09,COSMETICS_IDX,0.6257577417470055
2015,2015-02-10,COSMETICS_IDX,0.6252534428052066
2015,2015-02-11,COSMETICS_IDX,0.6331486147628785
2015,2015-02-12,COSMETICS_IDX,0.6323301623819262
2015,2015-02-13,COSMETICS_IDX,0.6392746068263706
2015,2015-02-16,COSMETICS_IDX,0.6434330062972701
2015,2015-02-18,COSMETICS_IDX,0.6373648846041483
2015,2015-02-19,COSMETICS_IDX,0.6386132311649949
2015,2015-02-20,COSMETICS_IDX,0.6354551623819261
2015,2015-02-23,COSMETICS_IDX,0.6188050301067939
2015,2015-02-24,COSMETICS_IDX,0.6215828078845717
2015,2015-02-25,COSMETICS_IDX,0.6201360486253124
2015,2015-02-26,COSMETICS_IDX,0.6231122391015028
2015,2015-02-27,COSMETICS_IDX,0.6179369745512383
2015,2015-03-02,COSMETICS_IDX,0.6112736147628784
2015,2015-03-03,COSMETICS_IDX,0.6072805592073229
2015,2015-03-04,COSMETICS_IDX,0.6067927946570585
2015,2015-03-06,COSMETICS_IDX,0.6047177285194922
2015,2015-03-09,COSMETICS_IDX,0.5668126359268997
2015,2015-03-10,COSMETICS_IDX,0.6050649507417145
2015,2015-03-11,COSMETICS_IDX,0.5967316174083811
2015,2015-03-12,COSMETICS_IDX,0.5947557576200214
2015,2015-03-13,COSMETICS_IDX,0.5902749375142012
2015,2015-03-16,COSMETICS_IDX,0.5784280459798098
2015,2015-03-17,COSMETICS_IDX,0.5823136279903918
2015,2015-03-18,COSMETICS_IDX,0.5773533105300742
2015,2015-03-19,COSMETICS_IDX,0.5475914057681696
2015,2015-03-20,COSMETICS_IDX,0.5825120406888045
2015,2015-03-23,COSMETICS_IDX,0.5863645539163177
2015,2015-03-24,COSMETICS_IDX,0.5774607840750479
2015,2015-03-25,COSMETICS_IDX,0.5775765248157886
2015,2015-03-26,COSMETICS_IDX,0.6145970274612912
2015,2015-03-27,COSMETICS_IDX,0.6121582047099685
2015,2015-03-30,COSMETICS_IDX,0.5723103211120849
2015,2015-03-31,COSMETICS_IDX,0.5708139586782225
2015,2015-04-01,COSMETICS_IDX,0.5732197126464764
2015,2015-04-02,COSMETICS_IDX,0.49369557973837114
2015,2015-04-06,COSMETICS_IDX,0.4941833442886357
2015,2015-04-07,COSMETICS_IDX,0.4953738204791118
2015,2015-04-08,COSMETICS_IDX,0.4595184690167819
2015,2015-04-09,COSMETICS_IDX,0.4578236938845068
2015,2015-04-10,COSMETICS_IDX,0.45478963303794595
2015,2015-04-15,COSMETICS_IDX,0.4617310493556659
2015,2015-04-16,COSMETICS_IDX,0.47498336417048076
2015,2015-04-17,COSMETICS_IDX,0.5267525440646607
2015,2015-04-20,COSMETICS_IDX,0.5280587609958776
2015,2015-04-21,COSMETICS_IDX,0.5263226498847665
2015,2015-04-22,COSMETICS_IDX,0.5343170281916448
2015,2015-04-23,COSMETICS_IDX,0.6298032407407407
2015,2015-04-24,COSMETICS_IDX,0.6637731481481481
2015,2015-04-27,COSMETICS_IDX,0.5173197751322751
2015,2015-04-28,COSMETICS_IDX,0.517609126984127
2015,2015-04-29,COSMETICS_IDX,0.5150173611111111
2015,2015-04-30,COSMETICS_IDX,0.5247230489417989
2015,2015-05-05,COSMETICS_IDX,0.5536127645502645
2015,2015-05-06,COSMETICS_IDX,0.5220238095238096
2015,2015-05-07,COSMETICS_IDX,0.6026703042328042
2015,2015-05-08,COSMETICS_IDX,0.636913029100529
2015,2015-05-11,COSMETICS_IDX,0.6416666666666666
2015,2015-05-12,COSMETICS_IDX,0.6138806216931217
2015,2015-05-13,COSMETICS_IDX,0.6018931878306878
2015,2015-05-14,COSMETICS_IDX,0.6461226851851851
2015,2015-05-15,COSMETICS_IDX,0.6398396164021164
2015,2015-05-18,COSMETICS_IDX,0.6573743386243386
2015,2015-05-19,COSMETICS_IDX,0.6568700396825397
2015,2015-05-20,COSMETICS_IDX,0.6586557539682539
2015,2015-05-21,COSMETICS_IDX,0.6607556216931217
2015,2015-05-22,COSMETICS_IDX,0.6627562830687831
2015,2015-05-25,COSMETICS_IDX,0.6668154761904761
2015,2015-05-26,COSMETICS_IDX,0.6655505952380952
2015,2015-05-27,COSMETICS_IDX,0.6502149470899471
2015,2015-05-28,COSMETICS_IDX,0.6181299603174603
2015,2015-05-29,COSMETICS_IDX,0.6496610449735449
2015,2015-06-01,COSMETICS_IDX,0.650760582010582
2015,2015-06-03,COSMETICS_IDX,0.6470072751322752
2015,2015-06-04,COSMETICS_IDX,0.647428902116402
2015,2015-06-05,COSMETICS_IDX,0.6441137566137566
2015,2015-06-08,COSMETICS_IDX,0.5855908036322913
2015,2015-06-09,COSMETICS_IDX,0.581903634320122
2015,2015-06-10,COSMETICS_IDX,0.6459052268964846
2015,2015-06-11,COSMETICS_IDX,0.6136714306001883
2015,2015-06-12,COSMETICS_IDX,0.6036153512188788
2015,2015-06-15,COSMETICS_IDX,0.5729027189437464
2015,2015-06-16,COSMETICS_IDX,0.562196700425228
2015,2015-06-17,COSMETICS_IDX,0.603160655451683
2015,2015-06-18,COSMETICS_IDX,0.6069718327003603
2015,2015-06-19,COSMETICS_IDX,0.6053845311130587
2015,2015-06-22,COSMETICS_IDX,0.5945545046580322
2015,2015-06-23,COSMETICS_IDX,0.5981176660336937
2015,2015-06-24,COSMETICS_IDX,0.6384037110072386
2015,2015-06-25,COSMETICS_IDX,0.6025158141818417
2015,2015-06-26,COSMETICS_IDX,0.6302357215892491
2015,2015-06-29,COSMETICS_IDX,0.6022925998961275
2015,2015-06-30,COSMETICS_IDX,0.6127506025416302
2015,2015-07-02,COSMETICS_IDX,0.6098240152400428
2015,2015-07-03,COSMETICS_IDX,0.6094602586262862
2015,2015-07-06,COSMETICS_IDX,0.6115518591553867
2015,2015-07-07,COSMETICS_IDX,0.5795164755575031
2015,2015-07-08,COSMETICS_IDX,0.6127092665627941
2015,2015-07-09,COSMETICS_IDX,0.6068726263511539
2015,2015-07-10,COSMETICS_IDX,0.6094850602135877
2015,2015-07-13,COSMETICS_IDX,0.6102208406368682
2015,2015-07-14,COSMETICS_IDX,0.6169668723828999
2015,2015-07-15,COSMETICS_IDX,0.6378002057162333
2015,2015-07-16,COSMETICS_IDX,0.6342618459278735
2015,2015-07-17,COSMETICS_IDX,0.6360640946051221
2015,2015-07-20,COSMETICS_IDX,0.6345181289966565
2015,2015-07-21,COSMETICS_IDX,0.6645032480442755
2015,2015-07-22,COSMETICS_IDX,0.6581375073035348
2015,2015-07-23,COSMETICS_IDX,0.6808722956633232
2015,2015-07-24,COSMETICS_IDX,0.6772181951342228
2015,2015-07-27,COSMETICS_IDX,0.6915369782030059
2015,2015-07-28,COSMETICS_IDX,0.6997297692082967
2015,2015-07-29,COSMETICS_IDX,0.6907102586262862
2015,2015-07-30,COSMETICS_IDX,0.7060459067744344
2015,2015-08-03,COSMETICS_IDX,0.7071619782030059
2015,2015-08-04,COSMETICS_IDX,0.7206953776739052
2015,2015-08-05,COSMETICS_IDX,0.755649081377609
2015,2015-08-06,COSMETICS_IDX,0.761138499367027
2015,2015-08-07,COSMETICS_IDX,0.7542436580971857
2015,2015-08-10,COSMETICS_IDX,0.7512674676209952
2015,2015-08-11,COSMETICS_IDX,0.7508871766157043
2015,2015-08-12,COSMETICS_IDX,0.7461418062453338
2015,2015-08-13,COSMETICS_IDX,0.7426695840231116
2015,2015-08-14,COSMETICS_IDX,0.7436037771448047
2015,2015-08-17,COSMETICS_IDX,0.7493742797903074
2015,2015-08-18,COSMETICS_IDX,0.7437856554516831
2015,2015-08-19,COSMETICS_IDX,0.7419668723828998
2015,2015-08-20,COSMETICS_IDX,0.7368908141818418
2015,2015-08-21,COSMETICS_IDX,0.7395363168273444
2015,2015-08-24,COSMETICS_IDX,0.6968858538643815
2015,2015-08-25,COSMETICS_IDX,0.6954308274093549
2015,2015-08-26,COSMETICS_IDX,0.6906275866686142
2015,2015-08-27,COSMETICS_IDX,0.6943974279384554
2015,2015-08-28,COSMETICS_IDX,0.7214394252929529
2015,2015-08-31,COSMETICS_IDX,0.7124364491024767
2015,2015-09-01,COSMETICS_IDX,0.7645776528061804
2015,2015-09-02,COSMETICS_IDX,0.7105184596844872
2015,2015-09-03,COSMETICS_IDX,0.7067486184146459
2015,2015-09-04,COSMETICS_IDX,0.7031275866686141
2015,2015-09-07,COSMETICS_IDX,0.6885855893141168
2015,2015-09-08,COSMETICS_IDX,0.6965799676209952
2015,2015-09-09,COSMETICS_IDX,0.70092851259454
2015,2015-09-10,COSMETICS_IDX,0.7011434596844873
2015,2015-09-11,COSMETICS_IDX,0.7488286448696724
2015,2015-09-14,COSMETICS_IDX,0.6963484861395136
2015,2015-09-15,COSMETICS_IDX,0.6942816871977149
2015,2015-09-16,COSMETICS_IDX,0.6878994120654397
2015,2015-09-17,COSMETICS_IDX,0.6822942533352808
2015,2015-09-18,COSMETICS_IDX,0.6834516607426883
2015,2015-09-21,COSMETICS_IDX,0.6761103909014184
2015,2015-09-22,COSMETICS_IDX,0.689685126351154
2015,2015-09-23,COSMETICS_IDX,0.6343279834940111
2015,2015-09-25,COSMETICS_IDX,0.688759200425228
2015,2015-09-28,COSMETICS_IDX,0.684245311536339
2015,2015-09-29,COSMETICS_IDX,0.6922396898432174
2015,2015-09-30,COSMETICS_IDX,0.6821454438114714
2015,2015-10-01,COSMETICS_IDX,0.6703564226474502
2015,2015-10-02,COSMETICS_IDX,0.6717701131236407
2015,2015-10-05,COSMETICS_IDX,0.6742089358749634
2015,2015-10-06,COSMETICS_IDX,0.6738451792612068
2015,2015-10-07,COSMETICS_IDX,0.6792932612717889
2015,2015-10-08,COSMETICS_IDX,0.6958276528061805
2015,2015-10-09,COSMETICS_IDX,0.6956788432823707
2015,2015-10-12,COSMETICS_IDX,0.6893461713246989
2015,2015-10-13,COSMETICS_IDX,0.6880647559807835
2015,2015-10-14,COSMETICS_IDX,0.6815750073035348
2015,2015-10-15,COSMETICS_IDX,0.6769536448696724
2015,2015-10-16,COSMETICS_IDX,0.6756722295257571
2015,2015-10-19,COSMETICS_IDX,0.6749529834940109
2015,2015-10-20,COSMETICS_IDX,0.6757466342876618
2015,2015-10-21,COSMETICS_IDX,0.6808309596844873
2015,2015-10-22,COSMETICS_IDX,0.6832697824358099
2015,2015-10-23,COSMETICS_IDX,0.6901315549225825
2015,2015-10-26,COSMETICS_IDX,0.6851299014834291
2015,2015-10-28,COSMETICS_IDX,0.6850389623299898
2015,2015-10-29,COSMETICS_IDX,0.7304754702664978
2015,2015-10-30,COSMETICS_IDX,0.6766560258220533
2015,2015-11-02,COSMETICS_IDX,0.6723984200019476
2015,2015-11-03,COSMETICS_IDX,0.6553762639172915
2015,2015-11-04,COSMETICS_IDX,0.6596917401077677
2015,2015-11-05,COSMETICS_IDX,0.670389491430519
2015,2015-11-06,COSMETICS_IDX,0.6734731554516831
2015,2015-11-09,COSMETICS_IDX,0.6764824147109424
2015,2015-11-11,COSMETICS_IDX,0.6756143591553867
2015,2015-11-12,COSMETICS_IDX,0.6796322162982439
2015,2015-11-13,COSMETICS_IDX,0.6769949808485084
2015,2015-11-16,COSMETICS_IDX,0.6654043723828998
2015,2015-11-17,COSMETICS_IDX,0.6699182612717888
2015,2015-11-18,COSMETICS_IDX,0.6351960390495667
2015,2015-11-19,COSMETICS_IDX,0.6688848618008892
2015,2015-11-20,COSMETICS_IDX,0.704929835345863
2015,2015-11-23,COSMETICS_IDX,0.6661649543934819
2015,2015-11-24,COSMETICS_IDX,0.6658756025416301
2015,2015-11-26,COSMETICS_IDX,0.6650819517479793
2015,2015-11-27,COSMETICS_IDX,0.6543676660336936
2015,2015-11-30,COSMETICS_IDX,0.6519288432823708
2015,2015-12-01,COSMETICS_IDX,0.6521437903723178
2015,2015-12-02,COSMETICS_IDX,0.6487873088908365
2015,2015-12-03,COSMETICS_IDX,0.6509037110072385
2015,2015-12-04,COSMETICS_IDX,0.6514824147109423
2015,2015-12-07,COSMETICS_IDX,0.6649579438114713
2015,2015-12-08,COSMETICS_IDX,0.7113451792612069
2015,2015-12-09,COSMETICS_IDX,0.6932400205310479
2015,2015-12-10,COSMETICS_IDX,0.6875687242347518
2015,2015-12-11,COSMETICS_IDX,0.6887261316421592
2015,2015-12-14,COSMETICS_IDX,0.6843610522770799
2015,2015-12-15,COSMETICS_IDX,0.6834599279384554
2015,2015-12-16,COSMETICS_IDX,0.6948603909014185
2015,2015-12-17,COSMETICS_IDX,0.6971752057162334
2015,2015-12-18,COSMETICS_IDX,0.6864939887850164
2015,2015-12-21,COSMETICS_IDX,0.7038137639172914
2015,2015-12-22,COSMETICS_IDX,0.7038137639172914
2015,2015-12-23,COSMETICS_IDX,0.7017883009543285
2015,2015-12-28,COSMETICS_IDX,0.6894701792612068
2015,2015-12-29,COSMETICS_IDX,0.6895693856104131
2015,2015-12-30,COSMETICS_IDX,0.6917767268802545
2015,2015-12-31,COSMETICS_IDX,0.6968693194728471
2016,2016-01-04,COSMETICS_IDX,0.6536318856104132
2016,2016-01-05,COSMETICS_IDX,0.7033011977797253
2016,2016-01-06,COSMETICS_IDX,0.7050290416950693
2016,2016-01-07,COSMETICS_IDX,0.7107747427532702
2016,2016-01-08,COSMETICS_IDX,0.7012509332294607
2016,2016-01-11,COSMETICS_IDX,0.6956209729120005
2016,2016-01-12,COSMETICS_IDX,0.6657350602135877
2016,2016-01-13,COSMETICS_IDX,0.697042930583958
2016,2016-01-14,COSMETICS_IDX,0.649192401483429
2016,2016-01-18,COSMETICS_IDX,0.646695708361736
2016,2016-01-19,COSMETICS_IDX,0.6356176660336935
2016,2016-01-20,COSMETICS_IDX,0.6388088035998313
2016,2016-01-21,COSMETICS_IDX,0.6577654834940111
2016,2016-01-22,COSMETICS_IDX,0.6625521898432174
2016,2016-01-25,COSMETICS_IDX,0.6180416078326354
2016,2016-01-26,COSMETICS_IDX,0.6567651528061803
2016,2016-01-27,COSMETICS_IDX,0.606326991430519
2016,2016-01-28,COSMETICS_IDX,0.6482912771448047
2016,2016-01-29,COSMETICS_IDX,0.6603696501606777
2016,2016-02-01,COSMETICS_IDX,0.6633954438114714
2016,2016-02-02,COSMETICS_IDX,0.6754324808485084
2016,2016-02-03,COSMETICS_IDX,0.619843856509884
2016,2016-02-05,COSMETICS_IDX,0.6368494782030057
2016,2016-02-08,COSMETICS_IDX,0.6687608538643813
2016,2016-02-09,COSMETICS_IDX,0.6684880364040641
2016,2016-02-10,COSMETICS_IDX,0.665867335345863
2016,2016-02-11,COSMETICS_IDX,0.6458689887850163
2016,2016-02-12,COSMETICS_IDX,0.6476381686791962
2016,2016-02-15,COSMETICS_IDX,0.6432648221183498
2016,2016-02-16,COSMETICS_IDX,0.6514328115363391
2016,2016-02-17,COSMETICS_IDX,0.6059797692082968
2016,2016-02-18,COSMETICS_IDX,0.6761765284675562
2016,2016-02-19,COSMETICS_IDX,0.6535905496315771
2016,2016-02-23,COSMETICS_IDX,0.6533011977797254
2016,2016-02-24,COSMETICS_IDX,0.60894769248872
2016,2016-02-25,COSMETICS_IDX,0.6962492797903073
2016,2016-02-26,COSMETICS_IDX,0.6491675998961275
2016,2016-02-29,COSMETICS_IDX,0.691412970266498
2016,2016-03-01,COSMETICS_IDX,0.6273918062453337
2016,2016-03-02,COSMETICS_IDX,0.5725720311130587
2016,2016-03-03,COSMETICS_IDX,0.6746222956633231
2016,2016-03-04,COSMETICS_IDX,0.6262013300548577
2016,2016-03-08,COSMETICS_IDX,0.61295728243581
2016,2016-03-09,COSMETICS_IDX,0.5496636316421591
2016,2016-03-10,COSMETICS_IDX,0.6118577453987729
2016,2016-03-11,COSMETICS_IDX,0.6242668062453338
2016,2016-03-14,COSMETICS_IDX,0.5769123088908364
2016,2016-03-15,COSMETICS_IDX,0.618446700425228
2016,2016-03-16,COSMETICS_IDX,0.6291196501606777
2016,2016-03-17,COSMETICS_IDX,0.6431325469860746
2016,2016-03-18,COSMETICS_IDX,0.6497545707955984
2016,2016-03-21,COSMETICS_IDX,0.6299050337585613
2016,2016-03-23,COSMETICS_IDX,0.6562360522770798
2016,2016-03-24,COSMETICS_IDX,0.6455713697373973
2016,2016-03-28,COSMETICS_IDX,0.6759946501606776
2016,2016-03-29,COSMETICS_IDX,0.6381722295257571
2016,2016-03-30,COSMETICS_IDX,0.6447859861395137
2016,2016-03-31,COSMETICS_IDX,0.632509200425228
2016,2016-04-01,COSMETICS_IDX,0.6380068856104132
2016,2016-04-04,COSMETICS_IDX,0.6391642930178206
2016,2016-04-05,COSMETICS_IDX,0.6428514623299899
2016,2016-04-06,COSMETICS_IDX,0.6323934596844872
2016,2016-04-07,COSMETICS_IDX,0.637833274499302
2016,2016-04-08,COSMETICS_IDX,0.6497463035998311
2016,2016-04-11,COSMETICS_IDX,0.6489857215892492
2016,2016-04-12,COSMETICS_IDX,0.6762840020125296
2016,2016-04-15,COSMETICS_IDX,0.6841378379913655
2016,2016-04-18,COSMETICS_IDX,0.6259781157691433
2016,2016-04-19,COSMETICS_IDX,0.6676447824358099
2016,2016-04-20,COSMETICS_IDX,0.6733078115363392
2016,2016-04-22,COSMETICS_IDX,0.6750025866686142
2016,2016-04-25,COSMETICS_IDX,0.6194470311130587
2016,2016-04-26,COSMETICS_IDX,0.6709433935469211
2016,2016-04-27,COSMETICS_IDX,0.6755399543934818
2016,2016-04-28,COSMETICS_IDX,0.6733904834940111
2016,2016-04-29,COSMETICS_IDX,0.6816163432823709
2016,2016-05-03,COSMETICS_IDX,0.6858739491024767
2016,2016-05-04,COSMETICS_IDX,0.685171237462265
2016,2016-05-05,COSMETICS_IDX,0.7312608538643813
2016,2016-05-06,COSMETICS_IDX,0.6380068856104132
2016,2016-05-09,COSMETICS_IDX,0.6835674014834291
2016,2016-05-10,COSMETICS_IDX,0.6923306289966566
2016,2016-05-11,COSMETICS_IDX,0.6995148221183497
2016,2016-05-12,COSMETICS_IDX,0.6976133670918946
2016,2016-05-13,COSMETICS_IDX,0.6952654834940111
2016,2016-05-16,COSMETICS_IDX,0.7364691871977147
2016,2016-05-17,COSMETICS_IDX,0.6905035787321063
2016,2016-05-18,COSMETICS_IDX,0.6993990813776089
2016,2016-05-19,COSMETICS_IDX,0.6895528512188788
2016,2016-05-20,COSMETICS_IDX,0.6825009332294609
2016,2016-05-24,COSMETICS_IDX,0.6746718988379263
2016,2016-05-25,COSMETICS_IDX,0.6416444517479792
2016,2016-05-26,COSMETICS_IDX,0.681326991430519
2016,2016-05-27,COSMETICS_IDX,0.6821537110072385
2016,2016-05-30,COSMETICS_IDX,0.6748207083617359
2016,2016-05-31,COSMETICS_IDX,0.6650240813776089
2016,2016-06-01,COSMETICS_IDX,0.6658590681500957
2016,2016-06-02,COSMETICS_IDX,0.6686368459278734
2016,2016-06-03,COSMETICS_IDX,0.6673140946051221
2016,2016-06-06,COSMETICS_IDX,0.6673140946051221
2016,2016-06-07,COSMETICS_IDX,0.6296570178855455
2016,2016-06-08,COSMETICS_IDX,0.6729440549225826
2016,2016-06-09,COSMETICS_IDX,0.6801943856104131
2016,2016-06-10,COSMETICS_IDX,0.685468856509884
2016,2016-06-13,COSMETICS_IDX,0.6837492797903074
2016,2016-06-14,COSMETICS_IDX,0.6768131025416301
2016,2016-06-15,COSMETICS_IDX,0.6711004702664978
2016,2016-06-16,COSMETICS_IDX,0.6659086713246989
2016,2016-06-17,COSMETICS_IDX,0.702945708361736
2016,2016-06-20,COSMETICS_IDX,0.618488036404064
2016,2016-06-21,COSMETICS_IDX,0.6629324808485084
2016,2016-06-22,COSMETICS_IDX,0.6232499411659688
2016,2016-06-23,COSMETICS_IDX,0.6244900205310481
2016,2016-06-24,COSMETICS_IDX,0.6172975602135878
2016,2016-06-27,COSMETICS_IDX,0.6541279173564449
2016,2016-06-28,COSMETICS_IDX,0.6057896237056513
2016,2016-06-29,COSMETICS_IDX,0.5969437242347518
2016,2016-06-30,COSMETICS_IDX,0.6598405496315772
2016,2016-07-01,COSMETICS_IDX,0.6627340681500957
2016,2016-07-04,COSMETICS_IDX,0.6475058935469211
2016,2016-07-05,COSMETICS_IDX,0.6490435919596195
2016,2016-07-07,COSMETICS_IDX,0.6478531157691433
2016,2016-07-08,COSMETICS_IDX,0.6468610522770798
2016,2016-07-11,COSMETICS_IDX,0.6519371104781381
2016,2016-07-12,COSMETICS_IDX,0.646150073441101
2016,2016-07-13,COSMETICS_IDX,0.6497711051871328
2016,2016-07-14,COSMETICS_IDX,0.6467618459278736
2016,2016-07-15,COSMETICS_IDX,0.6050455760866036
2016,2016-07-18,COSMETICS_IDX,0.6126265946051221
2016,2016-07-20,COSMETICS_IDX,0.663891475557503
2016,2016-07-21,COSMETICS_IDX,0.6096338697373973
2016,2016-07-22,COSMETICS_IDX,0.6538964358749635
2016,2016-07-25,COSMETICS_IDX,0.6569966342876619
2016,2016-07-26,COSMETICS_IDX,0.6056738829649105
2016,2016-07-27,COSMETICS_IDX,0.6044834067744344
2016,2016-07-28,COSMETICS_IDX,0.6499529834940111
2016,2016-07-29,COSMETICS_IDX,0.6548306289966566
2016,2016-08-01,COSMETICS_IDX,0.6683640284675562
2016,2016-08-02,COSMETICS_IDX,0.6691907480442757
2016,2016-08-03,COSMETICS_IDX,0.6287558935469212
2016,2016-08-04,COSMETICS_IDX,0.6730267268802544
2016,2016-08-05,COSMETICS_IDX,0.6774000734411011
2016,2016-08-08,COSMETICS_IDX,0.7082367136527412
2016,2016-08-09,COSMETICS_IDX,0.6835508670918946
2016,2016-08-10,COSMETICS_IDX,0.6746388300548576
2016,2016-08-11,COSMETICS_IDX,0.6764658803194079
2016,2016-08-12,COSMETICS_IDX,0.7140237506897783
2016,2016-08-15,COSMETICS_IDX,0.6773174014834291
2016,2016-08-16,COSMETICS_IDX,0.6809136316421592
2016,2016-08-18,COSMETICS_IDX,0.6332945840231116
2016,2016-08-19,COSMETICS_IDX,0.6316328776739052
2016,2016-08-22,COSMETICS_IDX,0.6387095972506248
2016,2016-08-23,COSMETICS_IDX,0.6914708406368683
2016,2016-08-24,COSMETICS_IDX,0.6846338697373971
2016,2016-08-25,COSMETICS_IDX,0.6401563565098841
2016,2016-08-26,COSMETICS_IDX,0.6860227586262861
2016,2016-08-29,COSMETICS_IDX,0.688081290372318
2016,2016-08-30,COSMETICS_IDX,0.6908921369331645
2016,2016-08-31,COSMETICS_IDX,0.6526811580971856
2016,2016-09-01,COSMETICS_IDX,0.6880647559807835
2016,2016-09-02,COSMETICS_IDX,0.6958359200019476
2016,2016-09-05,COSMETICS_IDX,0.6985144914305189
2016,2016-09-06,COSMETICS_IDX,0.7061451131236408
2016,2016-09-07,COSMETICS_IDX,0.7148752718537993
2016,2016-09-08,COSMETICS_IDX,0.681285655451683
2016,2016-09-09,COSMETICS_IDX,0.6789708406368682
2016,2016-09-13,COSMETICS_IDX,0.7166692533352809
2016,2016-09-14,COSMETICS_IDX,0.6704556289966566
2016,2016-09-15,COSMETICS_IDX,0.6687195178855454
2016,2016-09-19,COSMETICS_IDX,0.66832269248872
2016,2016-09-20,COSMETICS_IDX,0.7310541739702016
2016,2016-09-21,COSMETICS_IDX,0.6635938565098841
2016,2016-09-22,COSMETICS_IDX,0.7133706422241698
2016,2016-09-23,COSMETICS_IDX,0.7316824808485084
2016,2016-09-26,COSMETICS_IDX,0.7060872427532704
2016,2016-09-27,COSMETICS_IDX,0.7372380364040639
2016,2016-09-28,COSMETICS_IDX,0.7198686580971856
2016,2016-09-29,COSMETICS_IDX,0.7266312242347519
2016,2016-09-30,COSMETICS_IDX,0.7320545046580321
2016,2016-10-03,COSMETICS_IDX,0.7363865152400427
2016,2016-10-04,COSMETICS_IDX,0.7383706422241699
2016,2016-10-05,COSMETICS_IDX,0.7292353909014184
2016,2016-10-06,COSMETICS_IDX,0.7381226263511539
2016,2016-10-07,COSMETICS_IDX,0.7406441210601485
2016,2016-10-10,COSMETICS_IDX,0.7388584067744343
2016,2016-10-11,COSMETICS_IDX,0.7384615813776089
2016,2016-10-12,COSMETICS_IDX,0.7338650205310481
2016,2016-10-13,COSMETICS_IDX,0.7325092004252279
2016,2016-10-14,COSMETICS_IDX,0.7743742797903073
2016,2016-10-17,COSMETICS_IDX,0.6828150866686142
2016,2016-10-18,COSMETICS_IDX,0.7222165416950693
2016,2016-10-19,COSMETICS_IDX,0.718785655451683
2016,2016-10-20,COSMETICS_IDX,0.7192155496315772
2016,2016-10-21,COSMETICS_IDX,0.7208028512188788
2016,2016-10-24,COSMETICS_IDX,0.6751679305839581
2016,2016-10-25,COSMETICS_IDX,0.7267552321712597
2016,2016-10-26,COSMETICS_IDX,0.7253828776739052
2016,2016-10-27,COSMETICS_IDX,0.7658590681500956
2016,2016-10-28,COSMETICS_IDX,0.6751679305839581
2016,2016-10-31,COSMETICS_IDX,0.7267552321712597
2016,2016-11-01,COSMETICS_IDX,0.7743742797903073
2016,2016-11-02,COSMETICS_IDX,0.7680085390495667
2016,2016-11-03,COSMETICS_IDX,0.7656937242347519
2016,2016-11-04,COSMETICS_IDX,0.7160905496315771
2016,2016-11-07,COSMETICS_IDX,0.7180746766157041
2016,2016-11-08,COSMETICS_IDX,0.7146437903723178
2016,2016-11-09,COSMETICS_IDX,0.7112129041289318
2016,2016-11-10,COSMETICS_IDX,0.6635938565098841
2016,2016-11-11,COSMETICS_IDX,0.6497049676209952
2016,2016-11-15,COSMETICS_IDX,0.7094602586262861
2016,2016-11-16,COSMETICS_IDX,0.7041031157691432
2016,2016-11-17,COSMETICS_IDX,0.6969602586262861
2016,2016-11-18,COSMETICS_IDX,0.6854192533352809
2016,2016-11-21,COSMETICS_IDX,0.6791196501606777
2016,2016-11-22,COSMETICS_IDX,0.7207863168273443
2016,2016-11-23,COSMETICS_IDX,0.6229853909014185
2016,2016-11-24,COSMETICS_IDX,0.6652472956633232
2016,2016-11-25,COSMETICS_IDX,0.6673223618008893
2016,2016-11-28,COSMETICS_IDX,0.6706044385204661
2016,2016-11-29,COSMETICS_IDX,0.6702076131236406
2016,2016-11-30,COSMETICS_IDX,0.6598901528061804
2016,2016-12-01,COSMETICS_IDX,0.6707532480442756
2016,2016-12-02,COSMETICS_IDX,0.6622711051871327
2016,2016-12-05,COSMETICS_IDX,0.6647843327003603
2016,2016-12-06,COSMETICS_IDX,0.6671487506897783
2016,2016-12-07,COSMETICS_IDX,0.663378909419937
2016,2016-12-08,COSMETICS_IDX,0.7106342004252278
2016,2016-12-09,COSMETICS_IDX,0.671150073441101
2016,2016-12-14,COSMETICS_IDX,0.6332532480442756
2016,2016-12-15,COSMETICS_IDX,0.6689675337585612
2016,2016-12-16,COSMETICS_IDX,0.674952983494011
2016,2016-12-19,COSMETICS_IDX,0.6746636316421591
2016,2016-12-20,COSMETICS_IDX,0.6702985522770799
2016,2016-12-21,COSMETICS_IDX,0.6690006025416301
2016,2016-12-22,COSMETICS_IDX,0.6639245443405719
2016,2016-12-23,COSMETICS_IDX,0.6639245443405719
2016,2016-12-27,COSMETICS_IDX,0.6613203776739053
2016,2016-12-28,COSMETICS_IDX,0.6184632348167624
2016,2016-12-29,COSMETICS_IDX,0.6213484861395137
2016,2016-12-30,COSMETICS_IDX,0.6677770575680851
2017,2017-01-02,COSMETICS_IDX,0.6715799676209953
2017,2017-01-03,COSMETICS_IDX,0.6587988829649105
2017,2017-01-04,COSMETICS_IDX,0.7098570840231115
2017,2017-01-05,COSMETICS_IDX,0.7086500734411011
2017,2017-01-06,COSMETICS_IDX,0.6614278512188787
2017,2017-01-09,COSMETICS_IDX,0.7141477586262862
2017,2017-01-10,COSMETICS_IDX,0.6242502718537994
2017,2017-01-11,COSMETICS_IDX,0.6807978909014185
2017,2017-01-13,COSMETICS_IDX,0.6965799676209952
2017,2017-01-16,COSMETICS_IDX,0.6841957083617359
2017,2017-01-17,COSMETICS_IDX,0.6791196501606777
2017,2017-01-18,COSMETICS_IDX,0.6787228247638524
2017,2017-01-19,COSMETICS_IDX,0.6759450469860746
2017,2017-01-20,COSMETICS_IDX,0.6791527189437465
2017,2017-01-23,COSMETICS_IDX,0.6778465020125296
2017,2017-01-24,COSMETICS_IDX,0.6203564226474502
2017,2017-01-25,COSMETICS_IDX,0.6723488168273444
2017,2017-01-26,COSMETICS_IDX,0.7375439226474502
2017,2017-01-27,COSMETICS_IDX,0.6841130364040641
2017,2017-01-30,COSMETICS_IDX,0.680062110478138
2017,2017-01-31,COSMETICS_IDX,0.6671652850813127
2017,2017-02-01,COSMETICS_IDX,0.6181242797903074
2017,2017-02-02,COSMETICS_IDX,0.6290700469860746
2017,2017-02-03,COSMETICS_IDX,0.6751596633881909
2017,2017-02-06,COSMETICS_IDX,0.6726050998961274
2017,2017-02-07,COSMETICS_IDX,0.6376348618008892
2017,2017-02-08,COSMETICS_IDX,0.7234896898432174
2017,2017-02-09,COSMETICS_IDX,0.6477787110072386
2017,2017-02-13,COSMETICS_IDX,0.6961996766157043
2017,2017-02-14,COSMETICS_IDX,0.6516477586262862
2017,2017-02-15,COSMETICS_IDX,0.6893461713246989
2017,2017-02-16,COSMETICS_IDX,0.6884781157691432
2017,2017-02-17,COSMETICS_IDX,0.7296487506897783
2017,2017-02-20,COSMETICS_IDX,0.6971586713246989
2017,2017-02-21,COSMETICS_IDX,0.6872380364040639
2017,2017-02-22,COSMETICS_IDX,0.6777472956633233
2017,2017-02-23,COSMETICS_IDX,0.7256804967215243
2017,2017-02-27,COSMETICS_IDX,0.7285740152400427
2017,2017-02-28,COSMETICS_IDX,0.6784582744993021
2017,2017-03-01,COSMETICS_IDX,0.6354936580971856
2017,2017-03-02,COSMETICS_IDX,0.636651065504593
2017,2017-03-03,COSMETICS_IDX,0.679508208361736
2017,2017-03-06,COSMETICS_IDX,0.6325918723828999
2017,2017-03-07,COSMETICS_IDX,0.7217122427532704
2017,2017-03-08,COSMETICS_IDX,0.6351381686791963
2017,2017-03-09,COSMETICS_IDX,0.634451991430519
2017,2017-03-10,COSMETICS_IDX,0.6776646237056513
2017,2017-03-13,COSMETICS_IDX,0.6805581422241698
2017,2017-03-14,COSMETICS_IDX,0.6751761977797254
2017,2017-03-15,COSMETICS_IDX,0.677780364446392
2017,2017-03-16,COSMETICS_IDX,0.6313517930178206
2017,2017-03-17,COSMETICS_IDX,0.6799629041289318
2017,2017-03-20,COSMETICS_IDX,0.6710343327003603
2017,2017-03-21,COSMETICS_IDX,0.708732745398773
2017,2017-03-22,COSMETICS_IDX,0.6236715681500957
2017,2017-03-23,COSMETICS_IDX,0.700796237462265
2017,2017-03-24,COSMETICS_IDX,0.6979027189437464
2017,2017-03-27,COSMETICS_IDX,0.6236715681500957
2017,2017-03-28,COSMETICS_IDX,0.6615105231765507
2017,2017-03-29,COSMETICS_IDX,0.7031110522770798
2017,2017-03-30,COSMETICS_IDX,0.6755316871977147
2017,2017-03-31,COSMETICS_IDX,0.6652059596844873
2017,2017-04-03,COSMETICS_IDX,0.6689675337585613
2017,2017-04-04,COSMETICS_IDX,0.7142138961924237
2017,2017-04-05,COSMETICS_IDX,0.712659663388191
2017,2017-04-06,COSMETICS_IDX,0.6819470311130588
2017,2017-04-07,COSMETICS_IDX,0.6993081422241697
2017,2017-04-11,COSMETICS_IDX,0.6705383009543285
2017,2017-04-12,COSMETICS_IDX,0.710931819472847
2017,2017-04-17,COSMETICS_IDX,0.7394453776739053
2017,2017-04-18,COSMETICS_IDX,0.7102208406368682
2017,2017-04-19,COSMETICS_IDX,0.7136517268802544
2017,2017-04-20,COSMETICS_IDX,0.718364028467556
2017,2017-04-21,COSMETICS_IDX,0.7155531819067095
2017,2017-04-24,COSMETICS_IDX,0.7157102586262862
2017,2017-04-25,COSMETICS_IDX,0.7492420046580323
2017,2017-04-26,COSMETICS_IDX,0.7503663432823707
2017,2017-04-27,COSMETICS_IDX,0.7175373088908364
2017,2017-04-28,COSMETICS_IDX,0.7163220311130587
2017,2017-05-02,COSMETICS_IDX,0.7189013961924237
2017,2017-05-03,COSMETICS_IDX,0.7069718327003603
2017,2017-05-04,COSMETICS_IDX,0.7398174014834291
2017,2017-05-05,COSMETICS_IDX,0.712915946456974
2017,2017-05-08,COSMETICS_IDX,0.6742254702664979
2017,2017-05-09,COSMETICS_IDX,0.7190915416950693
2017,2017-05-12,COSMETICS_IDX,0.7134863829649105
2017,2017-05-15,COSMETICS_IDX,0.7454390946051221
2017,2017-05-16,COSMETICS_IDX,0.7400984861395137
2017,2017-05-17,COSMETICS_IDX,0.7118329438114713
2017,2017-05-18,COSMETICS_IDX,0.7493494782030057
2017,2017-05-19,COSMETICS_IDX,0.7088567533352809
2017,2017-05-22,COSMETICS_IDX,0.7073107877268153
2017,2017-05-23,COSMETICS_IDX,0.7007962374622649
2017,2017-05-24,COSMETICS_IDX,0.7609814226474502
2017,2017-05-25,COSMETICS_IDX,0.7112046369331645
2017,2017-05-26,COSMETICS_IDX,0.7134119782030058
2017,2017-05-29,COSMETICS_IDX,0.712618327409355
2017,2017-05-30,COSMETICS_IDX,0.663296237462265
2017,2017-05-31,COSMETICS_IDX,0.7069222295257571
2017,2017-06-01,COSMETICS_IDX,0.7052522559807836
2017,2017-06-02,COSMETICS_IDX,0.7180416078326354
2017,2017-06-05,COSMETICS_IDX,0.7234814226474503
2017,2017-06-06,COSMETICS_IDX,0.7335591342876618
2017,2017-06-07,COSMETICS_IDX,0.7435293723828998
2017,2017-06-09,COSMETICS_IDX,0.7475802983088258
2017,2017-06-12,COSMETICS_IDX,0.7487129041289317
2017,2017-06-13,COSMETICS_IDX,0.740916938520466
2017,2017-06-14,COSMETICS_IDX,0.7358904834940111
2017,2017-06-15,COSMETICS_IDX,0.700589557568085
2017,2017-06-16,COSMETICS_IDX,0.7565502057162332
2017,2017-06-19,COSMETICS_IDX,0.757343856509884
2017,2017-06-20,COSMETICS_IDX,0.7709433935469211
2017,2017-06-21,COSMETICS_IDX,0.7703646898432174
2017,2017-06-22,COSMETICS_IDX,0.7585425998961274
2017,2017-06-23,COSMETICS_IDX,0.7672396898432176
2017,2017-06-27,COSMETICS_IDX,0.7648339358749635
2017,2017-06-28,COSMETICS_IDX,0.7680085390495667
2017,2017-06-29,COSMETICS_IDX,0.7668428644463919
2017,2017-06-30,COSMETICS_IDX,0.7756226263511539
2017,2017-07-03,COSMETICS_IDX,0.7842535787321063
2017,2017-07-04,COSMETICS_IDX,0.7794172692082967
2017,2017-07-05,COSMETICS_IDX,0.7840634332294608
2017,2017-07-06,COSMETICS_IDX,0.7814840681500957
2017,2017-07-07,COSMETICS_IDX,0.7796983538643815
2017,2017-07-10,COSMETICS_IDX,0.7867585390495666
2017,2017-07-11,COSMETICS_IDX,0.7811203115363391
2017,2017-07-12,COSMETICS_IDX,0.7775984861395138
2017,2017-07-13,COSMETICS_IDX,0.7764080099490375
2017,2017-07-14,COSMETICS_IDX,0.8172810258220533
2017,2017-07-17,COSMETICS_IDX,0.7758127718537994
2017,2017-07-18,COSMETICS_IDX,0.7738286448696724
2017,2017-07-19,COSMETICS_IDX,0.7172396898432174
2017,2017-07-20,COSMETICS_IDX,0.7669586051871328
2017,2017-07-21,COSMETICS_IDX,0.7634946501606777
2017,2017-07-24,COSMETICS_IDX,0.7598488168273443
2017,2017-07-25,COSMETICS_IDX,0.7624860522770799
2017,2017-07-26,COSMETICS_IDX,0.7632797030707307
2017,2017-07-27,COSMETICS_IDX,0.7806905695134224
2017,2017-07-28,COSMETICS_IDX,0.7342867996721525
2017,2017-07-31,COSMETICS_IDX,0.7763502917356444
2017,2017-08-01,COSMETICS_IDX,0.6950010853864382
2017,2017-08-02,COSMETICS_IDX,0.7304590880319407
2017,2017-08-03,COSMETICS_IDX,0.7644703314181841
2017,2017-08-04,COSMETICS_IDX,0.7338569054922583
2017,2017-08-08,COSMETICS_IDX,0.6950010853864382
2017,2017-08-09,COSMETICS_IDX,0.7247960589314116
2017,2017-08-10,COSMETICS_IDX,0.6832616673970202
2017,2017-08-11,COSMETICS_IDX,0.7045083605187132
2017,2017-08-14,COSMETICS_IDX,0.4787533068783068
2017,2017-08-15,COSMETICS_IDX,0.4681464947089948
2017,2017-08-16,COSMETICS_IDX,0.43251488095238094
2017,2017-08-17,COSMETICS_IDX,0.4270419973544974
2017,2017-08-18,COSMETICS_IDX,0.4250165343915344
2017,2017-08-21,COSMETICS_IDX,0.42496693121693124
2017,2017-08-22,COSMETICS_IDX,0.417485119047619
2017,2017-08-23,COSMETICS_IDX,0.413516865079365
2017,2017-08-24,COSMETICS_IDX,0.41260747354497346
2017,2017-08-25,COSMETICS_IDX,0.4066220238095237
2017,2017-08-28,COSMETICS_IDX,0.41257440476190466
2017,2017-08-29,COSMETICS_IDX,0.38907076719576716
2017,2017-08-30,COSMETICS_IDX,0.3915591931216931
2017,2017-08-31,COSMETICS_IDX,0.3821345899470899
2017,2017-09-04,COSMETICS_IDX,0.37907572751322743
2017,2017-09-06,COSMETICS_IDX,0.3770171957671957
2017,2017-09-07,COSMETICS_IDX,0.3770171957671957
2017,2017-09-08,COSMETICS_IDX,0.37275958994708985
2017,2017-09-11,COSMETICS_IDX,0.36986607142857136
2017,2017-09-12,COSMETICS_IDX,0.3703455687830688
2017,2017-09-13,COSMETICS_IDX,0.3322172619047619
2017,2017-09-14,COSMETICS_IDX,0.36257440476190467
2017,2017-09-15,COSMETICS_IDX,0.36566633597883597
2017,2017-09-18,COSMETICS_IDX,0.3828373015873015
2017,2017-09-19,COSMETICS_IDX,0.3915757275132275
2017,2017-09-20,COSMETICS_IDX,0.658212064222417
2017,2017-09-21,COSMETICS_IDX,0.6545248949102477
2017,2017-09-22,COSMETICS_IDX,0.6539213896192424
2017,2017-09-25,COSMETICS_IDX,0.6540701991430519
2017,2017-09-26,COSMETICS_IDX,0.6469521435874964
2017,2017-09-27,COSMETICS_IDX,0.6335675536404064
2017,2017-09-28,COSMETICS_IDX,0.5912477785081313
2017,2017-09-29,COSMETICS_IDX,0.6393793922647449
2017,2017-10-02,COSMETICS_IDX,0.6366016144869673
2017,2017-10-03,COSMETICS_IDX,0.6413717864446392
2017,2017-10-04,COSMETICS_IDX,0.6422150404128931
2017,2017-10-06,COSMETICS_IDX,0.5997629901483429
2017,2017-10-09,COSMETICS_IDX,0.6434137837991366
2017,2017-10-10,COSMETICS_IDX,0.6001350139578667
2017,2017-10-11,COSMETICS_IDX,0.6910080298308827
2017,2017-10-12,COSMETICS_IDX,0.6476300536404064
2017,2017-10-13,COSMETICS_IDX,0.6482087573441101
2017,2017-10-16,COSMETICS_IDX,0.6047563763917291
2017,2017-10-17,COSMETICS_IDX,0.6470182811536339
2017,2017-10-19,COSMETICS_IDX,0.6452325668679196
2017,2017-10-20,COSMETICS_IDX,0.6499117996721525
2017,2017-10-23,COSMETICS_IDX,0.6556988367091895
2017,2017-10-24,COSMETICS_IDX,0.6080549875028403
2017,2017-10-25,COSMETICS_IDX,0.6490354769208296
2017,2017-10-26,COSMETICS_IDX,0.6577160324763852
2017,2017-10-27,COSMETICS_IDX,0.6578235060213588
2017,2017-10-30,COSMETICS_IDX,0.6595017467620996
2017,2017-10-31,COSMETICS_IDX,0.6557319054922582
2017,2017-11-01,COSMETICS_IDX,0.6557319054922582
2017,2017-11-02,COSMETICS_IDX,0.6566412970266499
2017,2017-11-06,COSMETICS_IDX,0.6895778049631577
2017,2017-11-07,COSMETICS_IDX,0.7013668261271789
2017,2017-11-08,COSMETICS_IDX,0.6894620642224171
2017,2017-11-09,COSMETICS_IDX,0.6200176197779725
2017,2017-11-10,COSMETICS_IDX,0.6200176197779725
2017,2017-11-13,COSMETICS_IDX,0.653946191206544
2017,2017-11-14,COSMETICS_IDX,0.6517636515240043
2017,2017-11-15,COSMETICS_IDX,0.6525573023176551
2017,2017-11-16,COSMETICS_IDX,0.6477953975557503
2017,2017-11-17,COSMETICS_IDX,0.6410989689843217
2017,2017-11-20,COSMETICS_IDX,0.6373373949102478
2017,2017-11-21,COSMETICS_IDX,0.6391148420001947
2017,2017-11-22,COSMETICS_IDX,0.6410989689843217
2017,2017-11-23,COSMETICS_IDX,0.6708608737462264
2017,2017-11-24,COSMETICS_IDX,0.6450341541695069
2017,2017-11-27,COSMETICS_IDX,0.6355103446456974
2017,2017-11-28,COSMETICS_IDX,0.6452325668679196
2017,2017-11-29,COSMETICS_IDX,0.6452325668679196
2017,2017-11-30,COSMETICS_IDX,0.6452325668679196
2017,2017-12-04,COSMETICS_IDX,0.6333278049631577
2017,2017-12-05,COSMETICS_IDX,0.623919736180089
2017,2017-12-06,COSMETICS_IDX,0.6233244980848508
2017,2017-12-07,COSMETICS_IDX,0.624514974275327
2017,2017-12-08,COSMETICS_IDX,0.6422398420001948
2017,2017-12-11,COSMETICS_IDX,0.6481012837991366
2017,2017-12-12,COSMETICS_IDX,0.6473076330054858
2017,2017-12-13,COSMETICS_IDX,0.6473076330054858
2017,2017-12-14,COSMETICS_IDX,0.6417355430583959
2017,2017-12-15,COSMETICS_IDX,0.6299299875028402
2017,2017-12-18,COSMETICS_IDX,0.6255897097250624
2017,2017-12-19,COSMETICS_IDX,0.6599729769208297
2017,2017-12-20,COSMETICS_IDX,0.6334766144869672
2017,2017-12-21,COSMETICS_IDX,0.6308972494076023
2017,2017-12-22,COSMETICS_IDX,0.6237874610478139
2017,2017-12-26,COSMETICS_IDX,0.6245811118414646
2017,2017-12-27,COSMETICS_IDX,0.5971174875028403
2017,2017-12-28,COSMETICS_IDX,0.6537477785081313
2017,2017-12-29,COSMETICS_IDX,0.6270943393546922
2018,2018-01-02,COSMETICS_IDX,0.6292768790372317
2018,2018-01-03,COSMETICS_IDX,0.6347166938520467
2018,2018-01-04,COSMETICS_IDX,0.6273754240107767
2018,2018-01-05,COSMETICS_IDX,0.6298969187197715
2018,2018-01-08,COSMETICS_IDX,0.6278714557568085
2018,2018-01-09,COSMETICS_IDX,0.6264660324763852
2018,2018-01-10,COSMETICS_IDX,0.6198026726880255
2018,2018-01-12,COSMETICS_IDX,0.6231756885610414
2018,2018-01-16,COSMETICS_IDX,0.6193066409419937
2018,2018-01-17,COSMETICS_IDX,0.5889329636933165
2018,2018-01-18,COSMETICS_IDX,0.5744653711007238
2018,2018-01-19,COSMETICS_IDX,0.6193149081377609
2018,2018-01-22,COSMETICS_IDX,0.6279954636933164
2018,2018-01-23,COSMETICS_IDX,0.6182815086668614
2018,2018-01-24,COSMETICS_IDX,0.6149415615769144
2018,2018-01-25,COSMETICS_IDX,0.6137841541695069
2018,2018-01-26,COSMETICS_IDX,0.6155202652806181
2018,2018-01-29,COSMETICS_IDX,0.6534170906774434
2018,2018-01-30,COSMETICS_IDX,0.6113535986139513
2018,2018-02-01,COSMETICS_IDX,0.5831459266562794
2018,2018-02-02,COSMETICS_IDX,0.6097166938520466
2018,2018-02-06,COSMETICS_IDX,0.586039445174798
2018,2018-02-07,COSMETICS_IDX,0.5831459266562794
2018,2018-02-08,COSMETICS_IDX,0.6121637837991366
2018,2018-02-09,COSMETICS_IDX,0.623117818190671
2018,2018-02-12,COSMETICS_IDX,0.6201416277144806
2018,2018-02-14,COSMETICS_IDX,0.6106508869737397
2018,2018-02-15,COSMETICS_IDX,0.6031112044340572
2018,2018-02-16,COSMETICS_IDX,0.5993992335345862
2018,2018-02-19,COSMETICS_IDX,0.5987626594605123
2018,2018-02-20,COSMETICS_IDX,0.6020943393546921
2018,2018-02-21,COSMETICS_IDX,0.600903863164216
2018,2018-02-22,COSMETICS_IDX,0.5997133869737398
2018,2018-02-23,COSMETICS_IDX,0.60555002718538
2018,2018-02-26,COSMETICS_IDX,0.6046406356509884
2018,2018-02-27,COSMETICS_IDX,0.6017471171324699
2018,2018-02-28,COSMETICS_IDX,0.607534154169507
2018,2018-03-02,COSMETICS_IDX,0.5995976462329989
2018,2018-03-05,COSMETICS_IDX,0.5986055827409354
2018,2018-03-06,COSMETICS_IDX,0.5980930166033693
2018,2018-03-07,COSMETICS_IDX,0.6018628578732106
2018,2018-03-08,COSMETICS_IDX,0.6008707943811471
2018,2018-03-09,COSMETICS_IDX,0.6066247626351153
2018,2018-03-12,COSMETICS_IDX,0.6062279372382899
2018,2018-03-13,COSMETICS_IDX,0.6131889160742688
2018,2018-03-14,COSMETICS_IDX,0.6169587573441101
2018,2018-03-15,COSMETICS_IDX,0.6149580959684487
2018,2018-03-16,COSMETICS_IDX,0.6520943393546921
2018,2018-03-19,COSMETICS_IDX,0.616661138296491
2018,2018-03-20,COSMETICS_IDX,0.6114197361800889
2018,2018-03-21,COSMETICS_IDX,0.5760692070795598
2018,2018-03-22,COSMETICS_IDX,0.6370645774499303
2018,2018-03-23,COSMETICS_IDX,0.6370645774499303
2018,2018-03-26,COSMETICS_IDX,0.6366677520531049
2018,2018-03-27,COSMETICS_IDX,0.6061121964975492
2018,2018-03-28,COSMETICS_IDX,0.6039296568150097
2018,2018-03-29,COSMETICS_IDX,0.604070199143052
2018,2018-04-02,COSMETICS_IDX,0.6394455298308827
2018,2018-04-03,COSMETICS_IDX,0.5604772758626287
2018,2018-04-04,COSMETICS_IDX,0.5969852123705651
2018,2018-04-05,COSMETICS_IDX,0.6399580959684487
2018,2018-04-06,COSMETICS_IDX,0.5984898420001948
2018,2018-04-09,COSMETICS_IDX,0.6412643128996657
2018,2018-04-10,COSMETICS_IDX,0.6412643128996657
2018,2018-04-11,COSMETICS_IDX,0.6398175536404064
2018,2018-04-12,COSMETICS_IDX,0.603565900201253
2018,2018-04-16,COSMETICS_IDX,0.603565900201253
2018,2018-04-17,COSMETICS_IDX,0.6047563763917291
2018,2018-04-18,COSMETICS_IDX,0.6047563763917291
2018,2018-04-19,COSMETICS_IDX,0.6013833605187132
2018,2018-04-20,COSMETICS_IDX,0.5678516144869672
2018,2018-04-23,COSMETICS_IDX,0.5678516144869672
2018,2018-04-24,COSMETICS_IDX,0.6068562441165969
2018,2018-04-25,COSMETICS_IDX,0.6039627255980784
2018,2018-04-26,COSMETICS_IDX,0.6416611382964911
2018,2018-04-27,COSMETICS_IDX,0.6416611382964911
2018,2018-05-01,COSMETICS_IDX,0.6416611382964911
2018,2018-05-02,COSMETICS_IDX,0.6025738367091894
2018,2018-05-03,COSMETICS_IDX,0.5997960589314116
2018,2018-05-04,COSMETICS_IDX,0.6333278049631577
2018,2018-05-08,COSMETICS_IDX,0.5951498949102476
2018,2018-05-09,COSMETICS_IDX,0.6018959266562794
2018,2018-05-10,COSMETICS_IDX,0.6271274081377609
2018,2018-05-11,COSMETICS_IDX,0.6256806488785017
2018,2018-05-14,COSMETICS_IDX,0.5607087573441101
2018,2018-05-15,COSMETICS_IDX,0.5928516144869672
2018,2018-05-16,COSMETICS_IDX,0.6222166938520466
2018,2018-05-17,COSMETICS_IDX,0.6225060457038986
2018,2018-05-18,COSMETICS_IDX,0.5939346171324699
2018,2018-05-21,COSMETICS_IDX,0.5903631885610413
2018,2018-05-22,COSMETICS_IDX,0.5898588896192424
2018,2018-05-23,COSMETICS_IDX,0.589677011312364
2018,2018-05-24,COSMETICS_IDX,0.589677011312364
2018,2018-05-25,COSMETICS_IDX,0.5586088896192424
2018,2018-05-28,COSMETICS_IDX,0.5655781356509885
2018,2018-05-30,COSMETICS_IDX,0.5838073023176551
2018,2018-06-01,COSMETICS_IDX,0.5809137837991366
2018,2018-06-04,COSMETICS_IDX,0.5704475139578667
2018,2018-06-05,COSMETICS_IDX,0.5777887837991366
2018,2018-06-06,COSMETICS_IDX,0.5772514160742689
2018,2018-06-07,COSMETICS_IDX,0.566702474275327
2018,2018-06-08,COSMETICS_IDX,0.5624200668679197
2018,2018-06-11,COSMETICS_IDX,0.5649084927938456
2018,2018-06-12,COSMETICS_IDX,0.5686783340636868
2018,2018-06-13,COSMETICS_IDX,0.568388982211835
2018,2018-06-14,COSMETICS_IDX,0.5628086250689778
2018,2018-06-18,COSMETICS_IDX,0.5638006885610413
2018,2018-06-19,COSMETICS_IDX,0.5634038631642159
2018,2018-06-20,COSMETICS_IDX,0.5590387837991365
2018,2018-06-21,COSMETICS_IDX,0.5573770774499303
2018,2018-06-22,COSMETICS_IDX,0.5306078975557503
2018,2018-06-25,COSMETICS_IDX,0.5829888499367027
2018,2018-06-26,COSMETICS_IDX,0.553822183270036
2018,2018-06-28,COSMETICS_IDX,0.5532600139578667
2018,2018-06-29,COSMETICS_IDX,0.577466363164216
2018,2018-07-02,COSMETICS_IDX,0.5492834927938456
2018,2018-07-03,COSMETICS_IDX,0.5432980430583959
2018,2018-07-04,COSMETICS_IDX,0.5375440748044276
2018,2018-07-05,COSMETICS_IDX,0.5411981753335281
2018,2018-07-06,COSMETICS_IDX,0.5413965880319408
2018,2018-07-09,COSMETICS_IDX,0.5399498287726816
2018,2018-07-10,COSMETICS_IDX,0.537056310254163
2018,2018-07-11,COSMETICS_IDX,0.5356095509949038
2018,2018-07-12,COSMETICS_IDX,0.5375110060213588
2018,2018-07-13,COSMETICS_IDX,0.5398919584023112
2018,2018-07-16,COSMETICS_IDX,0.5408840218943746
2018,2018-07-17,COSMETICS_IDX,0.53904043723829
2018,2018-07-18,COSMETICS_IDX,0.5308559134287663
2018,2018-07-19,COSMETICS_IDX,0.5295744980848509
2018,2018-07-20,COSMETICS_IDX,0.5302276065504593
2018,2018-07-23,COSMETICS_IDX,0.5291446039049567
2018,2018-07-24,COSMETICS_IDX,0.5248787308890837
2018,2018-07-25,COSMETICS_IDX,0.5214230430583958
2018,2018-07-26,COSMETICS_IDX,0.5099812441165968
2018,2018-07-30,COSMETICS_IDX,0.5414379240107768
2018,2018-07-31,COSMETICS_IDX,0.5043347494076023
2018,2018-08-01,COSMETICS_IDX,0.47245644252929536
2018,2018-08-02,COSMETICS_IDX,0.47765650866686143
2018,2018-08-03,COSMETICS_IDX,0.5285493658097186
2018,2018-08-06,COSMETICS_IDX,0.47476299014834294
2018,2018-08-07,COSMETICS_IDX,0.5276813102541631
2018,2018-08-08,COSMETICS_IDX,0.529706773217126
2018,2018-08-09,COSMETICS_IDX,0.5097166938520465
2018,2018-08-10,COSMETICS_IDX,0.49295908803194083
2018,2018-08-13,COSMETICS_IDX,0.4715470509949038
2018,2018-08-14,COSMETICS_IDX,0.5140073684552212
2018,2018-08-15,COSMETICS_IDX,0.4849316409419937
2018,2018-08-16,COSMETICS_IDX,0.4790619319472847
2018,2018-08-17,COSMETICS_IDX,0.4770364689843218
2018,2018-08-20,COSMETICS_IDX,0.4686287308890837
2018,2018-08-21,COSMETICS_IDX,0.44078481554516835
2018,2018-08-23,COSMETICS_IDX,0.46028713035998314
2018,2018-08-24,COSMETICS_IDX,0.47179506686791967
2018,2018-08-27,COSMETICS_IDX,0.4702987044340572
2018,2018-08-28,COSMETICS_IDX,0.46947198485733765
2018,2018-08-29,COSMETICS_IDX,0.47406854570389845
2018,2018-08-30,COSMETICS_IDX,0.46964559596844874
2018,2018-08-31,COSMETICS_IDX,0.46964559596844874
2018,2018-09-03,COSMETICS_IDX,0.47514328115363397
2018,2018-09-04,COSMETICS_IDX,0.4726217864446392
2018,2018-09-05,COSMETICS_IDX,0.4718281356509884
2018,2018-09-06,COSMETICS_IDX,0.4705797890901418
2018,2018-09-07,COSMETICS_IDX,0.4695877255980783
2018,2018-09-10,COSMETICS_IDX,0.47613534464569746
2018,2018-09-11,COSMETICS_IDX,0.48347661448696727
2018,2018-09-12,COSMETICS_IDX,0.46504076792612065
2018,2018-09-13,COSMETICS_IDX,0.4694058472912001
2018,2018-09-14,COSMETICS_IDX,0.46444552983088266
2018,2018-09-17,COSMETICS_IDX,0.5120487721946311
2018,2018-09-18,COSMETICS_IDX,0.5223083621417209
2018,2018-09-19,COSMETICS_IDX,0.5192577669036257
2018,2018-09-20,COSMETICS_IDX,0.5173480446814035
2018,2018-09-21,COSMETICS_IDX,0.5118450368422761
2018,2018-09-25,COSMETICS_IDX,0.49668299980523906
2018,2018-09-26,COSMETICS_IDX,0.5029660685883078
2018,2018-09-27,COSMETICS_IDX,0.47935495747719675
2018,2018-09-28,COSMETICS_IDX,0.5057025103872497
2018,2018-10-01,COSMETICS_IDX,0.5041482775830168
2018,2018-10-02,COSMETICS_IDX,0.5228817431914825
2018,2018-10-03,COSMETICS_IDX,0.5051403410750804
2018,2018-10-04,COSMETICS_IDX,0.5075212934560328
2018,2018-10-05,COSMETICS_IDX,0.5097038331385724
2018,2018-10-08,COSMETICS_IDX,0.5041317431914825
2018,2018-10-09,COSMETICS_IDX,0.49517010297984226
2018,2018-10-10,COSMETICS_IDX,0.5073559495406889
2018,2018-10-11,COSMETICS_IDX,0.4856958966306359
2018,2018-10-12,COSMETICS_IDX,0.4856958966306359
2018,2018-10-15,COSMETICS_IDX,0.49828683578407507
2018,2018-10-16,COSMETICS_IDX,0.5034703675301068
2018,2018-10-17,COSMETICS_IDX,0.503354626789366
2018,2018-10-18,COSMETICS_IDX,0.5000394812867206
2018,2018-10-19,COSMETICS_IDX,0.4993863728211121
2018,2018-10-22,COSMETICS_IDX,0.4993863728211121
2018,2018-10-23,COSMETICS_IDX,0.4983943093290486
2018,2018-10-25,COSMETICS_IDX,0.5129611082708475
2018,2018-10-26,COSMETICS_IDX,0.49569920350894275
2018,2018-10-29,COSMETICS_IDX,0.5160365050962444
2018,2018-10-30,COSMETICS_IDX,0.49987413737137665
2018,2018-10-31,COSMETICS_IDX,0.4995847855195248
2018,2018-11-01,COSMETICS_IDX,0.533926716736456
2018,2018-11-02,COSMETICS_IDX,0.5281066109163502
2018,2018-11-05,COSMETICS_IDX,0.5397633569480963
2018,2018-11-07,COSMETICS_IDX,0.5179875632973026
2018,2018-11-08,COSMETICS_IDX,0.5307686479533872
2018,2018-11-09,COSMETICS_IDX,0.5092243357840751
2018,2018-11-12,COSMETICS_IDX,0.5318185818158211
2018,2018-11-13,COSMETICS_IDX,0.5109273781121174
2018,2018-11-14,COSMETICS_IDX,0.5271972193819586
2018,2018-11-15,COSMETICS_IDX,0.5061076029798423
2018,2018-11-16,COSMETICS_IDX,0.5080917299639692
2018,2018-11-19,COSMETICS_IDX,0.5079346532443926
2018,2018-11-21,COSMETICS_IDX,0.5109025765248157
2018,2018-11-23,COSMETICS_IDX,0.4904081982179375
2018,2018-11-26,COSMETICS_IDX,0.5201701029798422
2018,2018-11-27,COSMETICS_IDX,0.5096955659428052
2018,2018-11-28,COSMETICS_IDX,0.5040904072126465
2018,2018-11-29,COSMETICS_IDX,0.4802808834031227
2018,2018-11-30,COSMETICS_IDX,0.512349335784075
2018,2018-12-03,COSMETICS_IDX,0.5168549574771967
2018,2018-12-04,COSMETICS_IDX,0.5295120341967735
2018,2018-12-05,COSMETICS_IDX,0.5136390183237576
2018,2018-12-06,COSMETICS_IDX,0.5013374310221703
2018,2018-12-07,COSMETICS_IDX,0.5096542299639693
2018,2018-12-10,COSMETICS_IDX,0.5294706982179375
2018,2018-12-11,COSMETICS_IDX,0.5080999971597365
2018,2018-12-12,COSMETICS_IDX,0.5077527749375143
2018,2018-12-13,COSMETICS_IDX,0.51044788075762
2018,2018-12-14,COSMETICS_IDX,0.5106462934560327
2018,2018-12-17,COSMETICS_IDX,0.4927891505988899
2018,2018-12-18,COSMETICS_IDX,0.5116383569480962
2018,2018-12-19,COSMETICS_IDX,0.5300907379004772
2018,2018-12-20,COSMETICS_IDX,0.5169128278475671
2018,2018-12-21,COSMETICS_IDX,0.5181033040380433
2018,2018-12-24,COSMETICS_IDX,0.5159207643555036
2018,2018-12-26,COSMETICS_IDX,0.5146724177946571
2018,2018-12-27,COSMETICS_IDX,0.51268829081053
2018,2018-12-28,COSMETICS_IDX,0.51268829081053
2018,2018-12-31,COSMETICS_IDX,0.5117706320803713
2019,2019-01-02,COSMETICS_IDX,0.5109025765248157
2019,2019-01-03,COSMETICS_IDX,0.5132587273184666
2019,2019-01-04,COSMETICS_IDX,0.5377378939851333
2019,2019-01-07,COSMETICS_IDX,0.5293466902814296
2019,2019-01-08,COSMETICS_IDX,0.5068185818158211
2019,2019-01-09,COSMETICS_IDX,0.5253453675301069
2019,2019-01-10,COSMETICS_IDX,0.48172764266238194
2019,2019-01-11,COSMETICS_IDX,0.5099022458369852
2019,2019-01-14,COSMETICS_IDX,0.5156892828740222
2019,2019-01-16,COSMETICS_IDX,0.5283876955724348
2019,2019-01-17,COSMETICS_IDX,0.5329015844613237
2019,2019-01-18,COSMETICS_IDX,0.5110761876359269
2019,2019-01-21,COSMETICS_IDX,0.5258910024507417
2019,2019-01-22,COSMETICS_IDX,0.505256081815821
2019,2019-01-23,COSMETICS_IDX,0.5091416638264031
2019,2019-01-24,COSMETICS_IDX,0.5027759230856623
2019,2019-01-25,COSMETICS_IDX,0.504660843720583
2019,2019-01-28,COSMETICS_IDX,0.504660843720583
2019,2019-01-29,COSMETICS_IDX,0.504660843720583
2019,2019-01-30,COSMETICS_IDX,0.5024783040380433
2019,2019-01-31,COSMETICS_IDX,0.5069260553607947
2019,2019-02-01,COSMETICS_IDX,0.5075212934560328
2019,2019-02-05,COSMETICS_IDX,0.4786687802285195
2019,2019-02-06,COSMETICS_IDX,0.5066449707047099
2019,2019-02-07,COSMETICS_IDX,0.5074386214983608
2019,2019-02-08,COSMETICS_IDX,0.50888538075762
2019,2019-02-11,COSMETICS_IDX,0.510869507741747
2019,2019-02-12,COSMETICS_IDX,0.5152345871068263
2019,2019-02-13,COSMETICS_IDX,0.5103734759957153
2019,2019-02-14,COSMETICS_IDX,0.4820169945142338
2019,2019-02-15,COSMETICS_IDX,0.5034455659428052
2019,2019-02-18,COSMETICS_IDX,0.4802808834031227
2019,2019-02-20,COSMETICS_IDX,0.5216912670010062
2019,2019-02-21,COSMETICS_IDX,0.5002626955724349
2019,2019-02-22,COSMETICS_IDX,0.518516663826403
2019,2019-02-25,COSMETICS_IDX,0.48203352890576817
2019,2019-02-26,COSMETICS_IDX,0.48739067176291107
2019,2019-02-27,COSMETICS_IDX,0.48979642573116505
2019,2019-02-28,COSMETICS_IDX,0.4880107114454508
2019,2019-03-01,COSMETICS_IDX,0.48999483842957775
2019,2019-03-05,COSMETICS_IDX,0.48999483842957775
2019,2019-03-06,COSMETICS_IDX,0.4901023119745513
2019,2019-03-07,COSMETICS_IDX,0.4858033701756095
2019,2019-03-08,COSMETICS_IDX,0.46754940192164124
2019,2019-03-11,COSMETICS_IDX,0.48858114795338725
2019,2019-03-12,COSMETICS_IDX,0.3621011490894927
2019,2019-03-13,COSMETICS_IDX,0.506053413185315
2019,2019-03-14,COSMETICS_IDX,0.4923877385821404
2019,2019-03-15,COSMETICS_IDX,0.4434294052488071
2019,2019-03-18,COSMETICS_IDX,0.4687766274710293
2019,2019-03-19,COSMETICS_IDX,0.4656846962540981
2019,2019-03-21,COSMETICS_IDX,0.46191485498425683
2019,2019-03-22,COSMETICS_IDX,0.456557712127114
2019,2019-03-25,COSMETICS_IDX,0.4593602914921933
2019,2019-03-26,COSMETICS_IDX,0.4634112174181193
2019,2019-03-27,COSMETICS_IDX,0.45471412747102935
2019,2019-03-28,COSMETICS_IDX,0.48354183911124093
2019,2019-03-29,COSMETICS_IDX,0.48354183911124093
2019,2019-04-01,COSMETICS_IDX,0.4604680957249976
2019,2019-04-02,COSMETICS_IDX,0.471843757100659
2019,2019-04-03,COSMETICS_IDX,0.4480342332911351
2019,2019-04-04,COSMETICS_IDX,0.4698596301165319
2019,2019-04-05,COSMETICS_IDX,0.44497537085727273
2019,2019-04-08,COSMETICS_IDX,0.4818470639789658
2019,2019-04-09,COSMETICS_IDX,0.46229514598954785
2019,2019-04-10,COSMETICS_IDX,0.4646099608043626
2019,2019-04-11,COSMETICS_IDX,0.4899489158308177
2019,2019-04-12,COSMETICS_IDX,0.4818470639789658
2019,2019-04-16,COSMETICS_IDX,0.4818470639789658
2019,2019-04-17,COSMETICS_IDX,0.48155771212711396
2019,2019-04-18,COSMETICS_IDX,0.48155771212711396
2019,2019-04-23,COSMETICS_IDX,0.45366419360859545
2019,2019-04-24,COSMETICS_IDX,0.4470835057779076
2019,2019-04-25,COSMETICS_IDX,0.4468850930794949
2019,2019-04-26,COSMETICS_IDX,0.47143039731229913
2019,2019-04-29,COSMETICS_IDX,0.4732739819683838
2019,2019-04-30,COSMETICS_IDX,0.42525810895251076
2019,2019-05-02,COSMETICS_IDX,0.4505143920212939
2019,2019-05-03,COSMETICS_IDX,0.4743239158308177
2019,2019-05-06,COSMETICS_IDX,0.4728771565715584
2019,2019-05-07,COSMETICS_IDX,0.42467940524880704
2019,2019-05-08,COSMETICS_IDX,0.4487782809101828
2019,2019-05-09,COSMETICS_IDX,0.4587650533969552
2019,2019-05-10,COSMETICS_IDX,0.4388080428149446
2019,2019-05-13,COSMETICS_IDX,0.44149488143928334
2019,2019-05-14,COSMETICS_IDX,0.4324505692699711
2019,2019-05-15,COSMETICS_IDX,0.42935863805303986
2019,2019-05-16,COSMETICS_IDX,0.4506383999578018
2019,2019-05-17,COSMETICS_IDX,0.43502993434933623
2019,2019-05-21,COSMETICS_IDX,0.4324505692699711
2019,2019-05-22,COSMETICS_IDX,0.4165775533969553
2019,2019-05-23,COSMETICS_IDX,0.43129316186256367
2019,2019-05-24,COSMETICS_IDX,0.4445537438731457
2019,2019-05-27,COSMETICS_IDX,0.4417511645080663
2019,2019-05-28,COSMETICS_IDX,0.4340130692699711
2019,2019-05-29,COSMETICS_IDX,0.4342114819683838
2019,2019-05-30,COSMETICS_IDX,0.44115592641282825
2019,2019-05-31,COSMETICS_IDX,0.4398745110689129
2019,2019-06-03,COSMETICS_IDX,0.4388824475768494
2019,2019-06-04,COSMETICS_IDX,0.4374935586879605
2019,2019-06-06,COSMETICS_IDX,0.46130308249748436
2019,2019-06-07,COSMETICS_IDX,0.4374935586879605
2019,2019-06-10,COSMETICS_IDX,0.4348893920212939
2019,2019-06-11,COSMETICS_IDX,0.4369148549842568
2019,2019-06-12,COSMETICS_IDX,0.4442726592170611
2019,2019-06-13,COSMETICS_IDX,0.4488030824974843
2019,2019-06-14,COSMETICS_IDX,0.44712484175674366
2019,2019-06-17,COSMETICS_IDX,0.4133946830265849
2019,2019-06-18,COSMETICS_IDX,0.43346743434933616
2019,2019-06-19,COSMETICS_IDX,0.4367660454604472
2019,2019-06-20,COSMETICS_IDX,0.4342528179472198
2019,2019-06-21,COSMETICS_IDX,0.43870883646573827
2019,2019-06-24,COSMETICS_IDX,0.4323430957249976
2019,2019-06-25,COSMETICS_IDX,0.43869230207420395
2019,2019-06-26,COSMETICS_IDX,0.4393454105398124
2019,2019-06-27,COSMETICS_IDX,0.4369975269419288
2019,2019-06-28,COSMETICS_IDX,0.4350133999578018
2019,2019-07-01,COSMETICS_IDX,0.43818800313240497
2019,2019-07-02,COSMETICS_IDX,0.4360054634498653
2019,2019-07-03,COSMETICS_IDX,0.43798959043399227
2019,2019-07-04,COSMETICS_IDX,0.45324256662446843
2019,2019-07-05,COSMETICS_IDX,0.46416353223293405
2019,2019-07-08,COSMETICS_IDX,0.457615913185315
2019,2019-07-09,COSMETICS_IDX,0.46336988143928326
2019,2019-07-10,COSMETICS_IDX,0.46727199784139967
2019,2019-07-11,COSMETICS_IDX,0.475225040169442
2019,2019-07-12,COSMETICS_IDX,0.473240913185315
2019,2019-07-15,COSMETICS_IDX,0.47998694493134675
2019,2019-07-17,COSMETICS_IDX,0.4921479899048918
2019,2019-07-18,COSMETICS_IDX,0.48835334704774885
2019,2019-07-19,COSMETICS_IDX,0.4876671697990716
2019,2019-07-22,COSMETICS_IDX,0.4685038100107119
2019,2019-07-23,COSMETICS_IDX,0.4902961380530399
2019,2019-07-24,COSMETICS_IDX,0.5017627385821404
2019,2019-07-25,COSMETICS_IDX,0.5235054634498653
2019,2019-07-26,COSMETICS_IDX,0.5179664422858441
2019,2019-07-29,COSMETICS_IDX,0.528564987259389
2019,2019-07-30,COSMETICS_IDX,0.5239684264128283
2019,2019-07-31,COSMETICS_IDX,0.5233153179472197
2019,2019-08-01,COSMETICS_IDX,0.5133037438731457
2019,2019-08-02,COSMETICS_IDX,0.5127085057779076
2019,2019-08-05,COSMETICS_IDX,0.5065990481059499
2019,2019-08-06,COSMETICS_IDX,0.5084260983705002
2019,2019-08-07,COSMETICS_IDX,0.5181483205927224
2019,2019-08-08,COSMETICS_IDX,0.5222901856720875
2019,2019-08-09,COSMETICS_IDX,0.5241999078943097
2019,2019-08-13,COSMETICS_IDX,0.5273745110689129
2019,2019-08-15,COSMETICS_IDX,0.5256632015451034
2019,2019-08-16,COSMETICS_IDX,0.5330623417567436
2019,2019-08-19,COSMETICS_IDX,0.5316155824974843
2019,2019-08-20,COSMETICS_IDX,0.5263163100107119
2019,2019-08-21,COSMETICS_IDX,0.5261178973122992
2019,2019-08-22,COSMETICS_IDX,0.5247538100107119
2019,2019-08-23,COSMETICS_IDX,0.526407249164151
2019,2019-08-26,COSMETICS_IDX,0.5237038761482781
2019,2019-08-27,COSMETICS_IDX,0.5230838364657383
2019,2019-08-28,COSMETICS_IDX,0.5250100930794949
2019,2019-08-29,COSMETICS_IDX,0.5269942200636218
2019,2019-08-30,COSMETICS_IDX,0.528184696254098
2019,2019-09-02,COSMETICS_IDX,0.5297719978413996
2019,2019-09-03,COSMETICS_IDX,0.5298877385821404
2019,2019-09-04,COSMETICS_IDX,0.5289783470477488
2019,2019-09-05,COSMETICS_IDX,0.5291767597461615
2019,2019-09-06,COSMETICS_IDX,0.5241255031324049
2019,2019-09-09,COSMETICS_IDX,0.5200001724445743
2019,2019-09-10,COSMETICS_IDX,0.5223149872593891
2019,2019-09-11,COSMETICS_IDX,0.5247703444022462
2019,2019-09-12,COSMETICS_IDX,0.502548122180024
2019,2019-09-16,COSMETICS_IDX,0.5326903179472198
2019,2019-09-17,COSMETICS_IDX,0.5277300004869023
2019,2019-09-18,COSMETICS_IDX,0.5287220639789658
2019,2019-09-19,COSMETICS_IDX,0.5356665084234103
2019,2019-09-20,COSMETICS_IDX,0.5316982544551563
2019,2019-09-23,COSMETICS_IDX,0.5264816539260557
2019,2019-09-24,COSMETICS_IDX,0.5264816539260557
2019,2019-09-25,COSMETICS_IDX,0.5270768920212939
2019,2019-09-26,COSMETICS_IDX,0.5270768920212939
2019,2019-09-27,COSMETICS_IDX,0.5258285454604473
2019,2019-09-30,COSMETICS_IDX,0.49705870419060605
2019,2019-10-01,COSMETICS_IDX,0.5545983867302886
2019,2019-10-02,COSMETICS_IDX,0.5162964687408707
2019,2019-10-03,COSMETICS_IDX,0.5149985190054208
2019,2019-10-04,COSMETICS_IDX,0.5132128047197065
2019,2019-10-07,COSMETICS_IDX,0.5239601592170611
2019,2019-10-08,COSMETICS_IDX,0.5251671697990716
2019,2019-10-09,COSMETICS_IDX,0.5235964026033044
2019,2019-10-10,COSMETICS_IDX,0.5235633338202357
2019,2019-10-11,COSMETICS_IDX,0.5239601592170611
2019,2019-10-14,COSMETICS_IDX,0.5251506354075373
2019,2019-10-15,COSMETICS_IDX,0.5013989819683838
2019,2019-10-16,COSMETICS_IDX,0.5024489158308176
2019,2019-10-17,COSMETICS_IDX,0.5172471962540981
2019,2019-10-18,COSMETICS_IDX,0.524927421121823
2019,2019-10-21,COSMETICS_IDX,0.5249108867302886
2019,2019-10-22,COSMETICS_IDX,0.5292098285292304
2019,2019-10-23,COSMETICS_IDX,0.5086327782646801
2019,2019-10-24,COSMETICS_IDX,0.5324423020742038
2019,2019-10-25,COSMETICS_IDX,0.5413295375239394
2019,2019-10-28,COSMETICS_IDX,0.5466205428149447
2019,2019-10-29,COSMETICS_IDX,0.5454300666244685
2019,2019-10-30,COSMETICS_IDX,0.5431896565715584
2019,2019-10-31,COSMETICS_IDX,0.545917831174733
2019,2019-11-01,COSMETICS_IDX,0.5473645904339922
2019,2019-11-04,COSMETICS_IDX,0.5459012967831985
2019,2019-11-05,COSMETICS_IDX,0.5493487174181192
2019,2019-11-06,COSMETICS_IDX,0.5701820507514526
2019,2019-11-07,COSMETICS_IDX,0.565263069269971
2019,2019-11-08,COSMETICS_IDX,0.5643950137144155
2019,2019-11-13,COSMETICS_IDX,0.5486460057779076
2019,2019-11-14,COSMETICS_IDX,0.5473645904339922
2019,2019-11-15,COSMETICS_IDX,0.5479598285292303
2019,2019-11-18,COSMETICS_IDX,0.5543090348784367
2019,2019-11-19,COSMETICS_IDX,0.5600960719154737
2019,2019-11-20,COSMETICS_IDX,0.5508285454604472
2019,2019-11-21,COSMETICS_IDX,0.5533169713863733
2019,2019-11-22,COSMETICS_IDX,0.5516552650371668
2019,2019-11-25,COSMETICS_IDX,0.5738609528678548
2019,2019-11-26,COSMETICS_IDX,0.5717941539260557
2019,2019-11-27,COSMETICS_IDX,0.5467362835556854
2019,2019-11-28,COSMETICS_IDX,0.5492908470477489
2019,2019-11-29,COSMETICS_IDX,0.5592858867302886
2019,2019-12-02,COSMETICS_IDX,0.568594749164151
2019,2019-12-03,COSMETICS_IDX,0.5781185586879606
2019,2019-12-04,COSMETICS_IDX,0.5700332412276431
2019,2019-12-05,COSMETICS_IDX,0.5658417729736748
2019,2019-12-06,COSMETICS_IDX,0.5689337041906061
2019,2019-12-09,COSMETICS_IDX,0.5593189555133574
2019,2019-12-10,COSMETICS_IDX,0.5601374078943098
2019,2019-12-12,COSMETICS_IDX,0.5632872094816114
2019,2019-12-13,COSMETICS_IDX,0.5652713364657383
2019,2019-12-16,COSMETICS_IDX,0.5577316539260557
2019,2019-12-17,COSMETICS_IDX,0.557533241227643
2019,2019-12-18,COSMETICS_IDX,0.553647659217061
2019,2019-12-19,COSMETICS_IDX,0.5567395904339922
2019,2019-12-20,COSMETICS_IDX,0.5506714687408706
2019,2019-12-23,COSMETICS_IDX,0.5317395904339922
2019,2019-12-24,COSMETICS_IDX,0.5515395242964262
2019,2019-12-26,COSMETICS_IDX,0.5558384660953679
2019,2019-12-27,COSMETICS_IDX,0.5628490481059499
2019,2019-12-30,COSMETICS_IDX,0.5585253047197065
2019,2019-12-31,COSMETICS_IDX,0.5587237174181192
2020,2020-01-02,COSMETICS_IDX,0.5540114158308177
2020,2020-01-03,COSMETICS_IDX,0.5526225269419288
2020,2020-01-06,COSMETICS_IDX,0.572058704190606
2020,2020-01-07,COSMETICS_IDX,0.5439254369948388
2020,2020-01-08,COSMETICS_IDX,0.535277950222352
2020,2020-01-09,COSMETICS_IDX,0.5422802650371669
2020,2020-01-13,COSMETICS_IDX,0.5473480560424578
2020,2020-01-14,COSMETICS_IDX,0.5408335057779076
2020,2020-01-16,COSMETICS_IDX,0.5717528179472198
2020,2020-01-17,COSMETICS_IDX,0.541990913185315
2020,2020-01-20,COSMETICS_IDX,0.504110622180024
2020,2020-01-21,COSMETICS_IDX,0.5374439555133573
2020,2020-01-22,COSMETICS_IDX,0.5382376063070081
2020,2020-01-23,COSMETICS_IDX,0.5421645242964261
2020,2020-01-24,COSMETICS_IDX,0.542073585142987
2020,2020-01-27,COSMETICS_IDX,0.5078887306456324
2020,2020-01-28,COSMETICS_IDX,0.5281268258837277
2020,2020-01-29,COSMETICS_IDX,0.5559046036615055
2020,2020-01-30,COSMETICS_IDX,0.5376506354075373
2020,2020-01-31,COSMETICS_IDX,0.5475712703281722
2020,2020-02-03,COSMETICS_IDX,0.5237617465186484
2020,2020-02-05,COSMETICS_IDX,0.5200001724445743
2020,2020-02-06,COSMETICS_IDX,0.516271667153569
2020,2020-02-07,COSMETICS_IDX,0.5003738496932516
2020,2020-02-10,COSMETICS_IDX,0.5279532147726166
2020,2020-02-11,COSMETICS_IDX,0.5288708735027754
2020,2020-02-12,COSMETICS_IDX,0.5259112174181192
2020,2020-02-13,COSMETICS_IDX,0.5219429634498652
2020,2020-02-14,COSMETICS_IDX,0.4941651856720875
2020,2020-02-17,COSMETICS_IDX,0.5194214687408706
2020,2020-02-18,COSMETICS_IDX,0.5179747094816113
2020,2020-02-19,COSMETICS_IDX,0.5119892597461616
2020,2020-02-20,COSMETICS_IDX,0.5116999078943097
2020,2020-02-24,COSMETICS_IDX,0.5341536115980134
2020,2020-02-25,COSMETICS_IDX,0.5039948814392833
2020,2020-02-26,COSMETICS_IDX,0.5028044052488071
2020,2020-02-27,COSMETICS_IDX,0.5035980560424579
2020,2020-02-28,COSMETICS_IDX,0.5132624078943098
2020,2020-03-02,COSMETICS_IDX,0.49080043699483883
2020,2020-03-03,COSMETICS_IDX,0.488485622180024
2020,2020-03-04,COSMETICS_IDX,0.4815411777355796
2020,2020-03-05,COSMETICS_IDX,0.47348892905833084
2020,2020-03-06,COSMETICS_IDX,0.46055903487843675
2020,2020-03-10,COSMETICS_IDX,0.4439419713863732
2020,2020-03-11,COSMETICS_IDX,0.4557061909630928
2020,2020-03-12,COSMETICS_IDX,0.4454714026033044
2020,2020-03-13,COSMETICS_IDX,0.4331946168890188
2020,2020-03-20,COSMETICS_IDX,0.40315162747102934
2020,2020-05-11,COSMETICS_IDX,0.42335665392605576
2020,2020-05-12,COSMETICS_IDX,0.39782755339695525
2020,2020-05-13,COSMETICS_IDX,0.4222819184763203
2020,2020-05-14,COSMETICS_IDX,0.41910731530171713
2020,2020-05-15,COSMETICS_IDX,0.4170239819683838
2020,2020-05-18,COSMETICS_IDX,0.4396182280001299
2020,2020-05-19,COSMETICS_IDX,0.4332772888466907
2020,2020-05-20,COSMETICS_IDX,0.4359558602752622
2020,2020-05-21,COSMETICS_IDX,0.4546893258837277
2020,2020-05-22,COSMETICS_IDX,0.4888989819683838
2020,2020-05-26,COSMETICS_IDX,0.47316650842341024
2020,2020-05-27,COSMETICS_IDX,0.4414452782646801
2020,2020-05-28,COSMETICS_IDX,0.4195950798519817
2020,2020-05-29,COSMETICS_IDX,0.45425943170383354
2020,2020-06-01,COSMETICS_IDX,0.43418668038108227
2020,2020-06-02,COSMETICS_IDX,0.4344181618625637
2020,2020-06-03,COSMETICS_IDX,0.4428258999578018
2020,2020-06-04,COSMETICS_IDX,0.41338641583081764
2020,2020-06-08,COSMETICS_IDX,0.43948595286785475
2020,2020-06-09,COSMETICS_IDX,0.4421562571006589
2020,2020-06-10,COSMETICS_IDX,0.44067642905833093
2020,2020-06-11,COSMETICS_IDX,0.4471579105398124
2020,2020-06-12,COSMETICS_IDX,0.44682722270912456
2020,2020-06-15,COSMETICS_IDX,0.44682722270912456
2020,2020-06-16,COSMETICS_IDX,0.45363112482552664
2020,2020-06-17,COSMETICS_IDX,0.45503654810594996
2020,2020-06-18,COSMETICS_IDX,0.4528374740318759
2020,2020-06-19,COSMETICS_IDX,0.45791353223293413
2020,2020-06-22,COSMETICS_IDX,0.4727779502223521
2020,2020-06-23,COSMETICS_IDX,0.4752581089525108
2020,2020-06-24,COSMETICS_IDX,0.4915196830265849
2020,2020-06-25,COSMETICS_IDX,0.4930904502223521
2020,2020-06-26,COSMETICS_IDX,0.49282589995780174
2020,2020-06-29,COSMETICS_IDX,0.4978440877884896
2020,2020-06-30,COSMETICS_IDX,0.49698429942870126
